<?xml version='1.0'?>
<parameters version="1.0" creator="ndManager-">
 <generalInfo>
  <date>2011-07-25</date>
  <experimenters>lynn</experimenters>
  <description/>
  <notes/>
 </generalInfo>
 <acquisitionSystem>
  <nBits>16</nBits>
  <nChannels>64</nChannels>
  <samplingRate>24414.133</samplingRate>
  <voltageRange>20</voltageRange>
  <amplification>1000</amplification>
  <offset>0</offset>
 </acquisitionSystem>
 <fieldPotentials>
  <lfpSamplingRate>1250</lfpSamplingRate>
 </fieldPotentials>
 <anatomicalDescription>
  <channelGroups>
   <group>
    <channel skip="0">8</channel>
    <channel skip="0">15</channel>
    <channel skip="0">9</channel>
    <channel skip="0">10</channel>
    <channel skip="0">13</channel>
    <channel skip="0">11</channel>
    <channel skip="0">12</channel>
   </group>
   <group>
    <channel skip="0">16</channel>
    <channel skip="0">23</channel>
    <channel skip="0">17</channel>
    <channel skip="0">22</channel>
    <channel skip="0">18</channel>
    <channel skip="0">21</channel>
    <channel skip="0">19</channel>
    <channel skip="0">20</channel>
   </group>
   <group>
    <channel skip="0">24</channel>
    <channel skip="0">31</channel>
    <channel skip="0">25</channel>
    <channel skip="0">30</channel>
    <channel skip="0">26</channel>
    <channel skip="0">29</channel>
    <channel skip="0">27</channel>
    <channel skip="0">28</channel>
   </group>
   <group>
    <channel skip="0">48</channel>
    <channel skip="0">55</channel>
    <channel skip="0">49</channel>
    <channel skip="0">54</channel>
    <channel skip="0">50</channel>
    <channel skip="0">53</channel>
    <channel skip="0">51</channel>
    <channel skip="0">52</channel>
   </group>
   <group>
    <channel skip="0">56</channel>
    <channel skip="0">57</channel>
    <channel skip="0">62</channel>
    <channel skip="0">58</channel>
    <channel skip="0">61</channel>
    <channel skip="0">59</channel>
    <channel skip="0">60</channel>
   </group>
  </channelGroups>
 </anatomicalDescription>
 <spikeDetection>
  <channelGroups>
   <group>
    <channels>
     <channel>8</channel>
     <channel>15</channel>
     <channel>9</channel>
     <channel>10</channel>
     <channel>13</channel>
     <channel>11</channel>
     <channel>12</channel>
    </channels>
    <nSamples>32</nSamples>
    <peakSampleIndex>16</peakSampleIndex>
    <nFeatures>3</nFeatures>
   </group>
   <group>
    <channels>
     <channel>16</channel>
     <channel>23</channel>
     <channel>17</channel>
     <channel>22</channel>
     <channel>18</channel>
     <channel>21</channel>
     <channel>19</channel>
     <channel>20</channel>
    </channels>
    <nSamples>32</nSamples>
    <peakSampleIndex>16</peakSampleIndex>
    <nFeatures>3</nFeatures>
   </group>
   <group>
    <channels>
     <channel>24</channel>
     <channel>31</channel>
     <channel>25</channel>
     <channel>30</channel>
     <channel>26</channel>
     <channel>29</channel>
     <channel>27</channel>
     <channel>28</channel>
    </channels>
    <nSamples>32</nSamples>
    <peakSampleIndex>16</peakSampleIndex>
    <nFeatures>3</nFeatures>
   </group>
   <group>
    <channels>
     <channel>48</channel>
     <channel>55</channel>
     <channel>49</channel>
     <channel>54</channel>
     <channel>50</channel>
     <channel>53</channel>
     <channel>51</channel>
     <channel>52</channel>
    </channels>
    <nSamples>32</nSamples>
    <peakSampleIndex>16</peakSampleIndex>
    <nFeatures>3</nFeatures>
   </group>
   <group>
    <channels>
     <channel>56</channel>
     <channel>57</channel>
     <channel>62</channel>
     <channel>58</channel>
     <channel>61</channel>
     <channel>59</channel>
     <channel>60</channel>
    </channels>
    <nSamples>32</nSamples>
    <peakSampleIndex>16</peakSampleIndex>
    <nFeatures>3</nFeatures>
   </group>
  </channelGroups>
 </spikeDetection>
 <units>
  <unit>
   <group>1</group>
   <cluster>2</cluster>
   <structure></structure>
   <type></type>
   <isolationDistance></isolationDistance>
   <quality></quality>
   <notes></notes>
  </unit>
  <unit>
   <group>1</group>
   <cluster>3</cluster>
   <structure></structure>
   <type></type>
   <isolationDistance></isolationDistance>
   <quality></quality>
   <notes></notes>
  </unit>
  <unit>
   <group>2</group>
   <cluster>2</cluster>
   <structure></structure>
   <type></type>
   <isolationDistance></isolationDistance>
   <quality></quality>
   <notes></notes>
  </unit>
  <unit>
   <group>2</group>
   <cluster>3</cluster>
   <structure></structure>
   <type></type>
   <isolationDistance></isolationDistance>
   <quality></quality>
   <notes></notes>
  </unit>
  <unit>
   <group>3</group>
   <cluster>2</cluster>
   <structure></structure>
   <type></type>
   <isolationDistance></isolationDistance>
   <quality></quality>
   <notes></notes>
  </unit>
  <unit>
   <group>4</group>
   <cluster>2</cluster>
   <structure></structure>
   <type></type>
   <isolationDistance></isolationDistance>
   <quality></quality>
   <notes></notes>
  </unit>
  <unit>
   <group>5</group>
   <cluster>2</cluster>
   <structure></structure>
   <type></type>
   <isolationDistance></isolationDistance>
   <quality></quality>
   <notes></notes>
  </unit>
  <unit>
   <group>5</group>
   <cluster>3</cluster>
   <structure></structure>
   <type></type>
   <isolationDistance></isolationDistance>
   <quality></quality>
   <notes></notes>
  </unit>
  <unit>
   <group>5</group>
   <cluster>4</cluster>
   <structure></structure>
   <type></type>
   <isolationDistance></isolationDistance>
   <quality></quality>
   <notes></notes>
  </unit>
 </units>
 <neuroscope version="1.2.5">
  <miscellaneous>
   <screenGain>0.200000</screenGain>
   <traceBackgroundImage></traceBackgroundImage>
  </miscellaneous>
  <video>
   <rotate>0</rotate>
   <flip>0</flip>
   <videoImage></videoImage>
   <positionsBackground>0</positionsBackground>
  </video>
  <spikes>
   <nSamples>32</nSamples>
   <peakSampleIndex>16</peakSampleIndex>
  </spikes>
  <channels>
   <channelColors>
    <channel>0</channel>
    <color>#ff0b0b</color>
    <anatomyColor>#ff0b0b</anatomyColor>
    <spikeColor>#ff0b0b</spikeColor>
   </channelColors>
   <channelOffset>
    <channel>0</channel>
    <defaultOffset>0</defaultOffset>
   </channelOffset>
   <channelColors>
    <channel>1</channel>
    <color>#ff0b0b</color>
    <anatomyColor>#ff0b0b</anatomyColor>
    <spikeColor>#ff0b0b</spikeColor>
   </channelColors>
   <channelOffset>
    <channel>1</channel>
    <defaultOffset>0</defaultOffset>
   </channelOffset>
   <channelColors>
    <channel>2</channel>
    <color>#ff0b0b</color>
    <anatomyColor>#ff0b0b</anatomyColor>
    <spikeColor>#ff0b0b</spikeColor>
   </channelColors>
   <channelOffset>
    <channel>2</channel>
    <defaultOffset>0</defaultOffset>
   </channelOffset>
   <channelColors>
    <channel>3</channel>
    <color>#ff0b0b</color>
    <anatomyColor>#ff0b0b</anatomyColor>
    <spikeColor>#ff0b0b</spikeColor>
   </channelColors>
   <channelOffset>
    <channel>3</channel>
    <defaultOffset>0</defaultOffset>
   </channelOffset>
   <channelColors>
    <channel>4</channel>
    <color>#ff0b0b</color>
    <anatomyColor>#ff0b0b</anatomyColor>
    <spikeColor>#ff0b0b</spikeColor>
   </channelColors>
   <channelOffset>
    <channel>4</channel>
    <defaultOffset>0</defaultOffset>
   </channelOffset>
   <channelColors>
    <channel>5</channel>
    <color>#ff0b0b</color>
    <anatomyColor>#ff0b0b</anatomyColor>
    <spikeColor>#ff0b0b</spikeColor>
   </channelColors>
   <channelOffset>
    <channel>5</channel>
    <defaultOffset>0</defaultOffset>
   </channelOffset>
   <channelColors>
    <channel>6</channel>
    <color>#ff0b0b</color>
    <anatomyColor>#ff0b0b</anatomyColor>
    <spikeColor>#ff0b0b</spikeColor>
   </channelColors>
   <channelOffset>
    <channel>6</channel>
    <defaultOffset>0</defaultOffset>
   </channelOffset>
   <channelColors>
    <channel>7</channel>
    <color>#ff0b0b</color>
    <anatomyColor>#ff0b0b</anatomyColor>
    <spikeColor>#ff0b0b</spikeColor>
   </channelColors>
   <channelOffset>
    <channel>7</channel>
    <defaultOffset>0</defaultOffset>
   </channelOffset>
   <channelColors>
    <channel>8</channel>
    <color>#0bffda</color>
    <anatomyColor>#0bffda</anatomyColor>
    <spikeColor>#0bffda</spikeColor>
   </channelColors>
   <channelOffset>
    <channel>8</channel>
    <defaultOffset>0</defaultOffset>
   </channelOffset>
   <channelColors>
    <channel>9</channel>
    <color>#0bffda</color>
    <anatomyColor>#0bffda</anatomyColor>
    <spikeColor>#0bffda</spikeColor>
   </channelColors>
   <channelOffset>
    <channel>9</channel>
    <defaultOffset>0</defaultOffset>
   </channelOffset>
   <channelColors>
    <channel>10</channel>
    <color>#0bffda</color>
    <anatomyColor>#0bffda</anatomyColor>
    <spikeColor>#0bffda</spikeColor>
   </channelColors>
   <channelOffset>
    <channel>10</channel>
    <defaultOffset>0</defaultOffset>
   </channelOffset>
   <channelColors>
    <channel>11</channel>
    <color>#0bffda</color>
    <anatomyColor>#0bffda</anatomyColor>
    <spikeColor>#0bffda</spikeColor>
   </channelColors>
   <channelOffset>
    <channel>11</channel>
    <defaultOffset>0</defaultOffset>
   </channelOffset>
   <channelColors>
    <channel>12</channel>
    <color>#0bffda</color>
    <anatomyColor>#0bffda</anatomyColor>
    <spikeColor>#0bffda</spikeColor>
   </channelColors>
   <channelOffset>
    <channel>12</channel>
    <defaultOffset>0</defaultOffset>
   </channelOffset>
   <channelColors>
    <channel>13</channel>
    <color>#0bffda</color>
    <anatomyColor>#0bffda</anatomyColor>
    <spikeColor>#0bffda</spikeColor>
   </channelColors>
   <channelOffset>
    <channel>13</channel>
    <defaultOffset>0</defaultOffset>
   </channelOffset>
   <channelColors>
    <channel>14</channel>
    <color>#0bffda</color>
    <anatomyColor>#0bffda</anatomyColor>
    <spikeColor>#0bffda</spikeColor>
   </channelColors>
   <channelOffset>
    <channel>14</channel>
    <defaultOffset>0</defaultOffset>
   </channelOffset>
   <channelColors>
    <channel>15</channel>
    <color>#0bffda</color>
    <anatomyColor>#0bffda</anatomyColor>
    <spikeColor>#0bffda</spikeColor>
   </channelColors>
   <channelOffset>
    <channel>15</channel>
    <defaultOffset>0</defaultOffset>
   </channelOffset>
   <channelColors>
    <channel>16</channel>
    <color>#ffed27</color>
    <anatomyColor>#ffed27</anatomyColor>
    <spikeColor>#ffed27</spikeColor>
   </channelColors>
   <channelOffset>
    <channel>16</channel>
    <defaultOffset>0</defaultOffset>
   </channelOffset>
   <channelColors>
    <channel>17</channel>
    <color>#ffed27</color>
    <anatomyColor>#ffed27</anatomyColor>
    <spikeColor>#ffed27</spikeColor>
   </channelColors>
   <channelOffset>
    <channel>17</channel>
    <defaultOffset>0</defaultOffset>
   </channelOffset>
   <channelColors>
    <channel>18</channel>
    <color>#ffed27</color>
    <anatomyColor>#ffed27</anatomyColor>
    <spikeColor>#ffed27</spikeColor>
   </channelColors>
   <channelOffset>
    <channel>18</channel>
    <defaultOffset>0</defaultOffset>
   </channelOffset>
   <channelColors>
    <channel>19</channel>
    <color>#ffed27</color>
    <anatomyColor>#ffed27</anatomyColor>
    <spikeColor>#ffed27</spikeColor>
   </channelColors>
   <channelOffset>
    <channel>19</channel>
    <defaultOffset>0</defaultOffset>
   </channelOffset>
   <channelColors>
    <channel>20</channel>
    <color>#ffed27</color>
    <anatomyColor>#ffed27</anatomyColor>
    <spikeColor>#ffed27</spikeColor>
   </channelColors>
   <channelOffset>
    <channel>20</channel>
    <defaultOffset>0</defaultOffset>
   </channelOffset>
   <channelColors>
    <channel>21</channel>
    <color>#ffed27</color>
    <anatomyColor>#ffed27</anatomyColor>
    <spikeColor>#ffed27</spikeColor>
   </channelColors>
   <channelOffset>
    <channel>21</channel>
    <defaultOffset>0</defaultOffset>
   </channelOffset>
   <channelColors>
    <channel>22</channel>
    <color>#ffed27</color>
    <anatomyColor>#ffed27</anatomyColor>
    <spikeColor>#ffed27</spikeColor>
   </channelColors>
   <channelOffset>
    <channel>22</channel>
    <defaultOffset>0</defaultOffset>
   </channelOffset>
   <channelColors>
    <channel>23</channel>
    <color>#ffed27</color>
    <anatomyColor>#ffed27</anatomyColor>
    <spikeColor>#ffed27</spikeColor>
   </channelColors>
   <channelOffset>
    <channel>23</channel>
    <defaultOffset>0</defaultOffset>
   </channelOffset>
   <channelColors>
    <channel>24</channel>
    <color>#113dff</color>
    <anatomyColor>#113dff</anatomyColor>
    <spikeColor>#113dff</spikeColor>
   </channelColors>
   <channelOffset>
    <channel>24</channel>
    <defaultOffset>0</defaultOffset>
   </channelOffset>
   <channelColors>
    <channel>25</channel>
    <color>#113dff</color>
    <anatomyColor>#113dff</anatomyColor>
    <spikeColor>#113dff</spikeColor>
   </channelColors>
   <channelOffset>
    <channel>25</channel>
    <defaultOffset>0</defaultOffset>
   </channelOffset>
   <channelColors>
    <channel>26</channel>
    <color>#113dff</color>
    <anatomyColor>#113dff</anatomyColor>
    <spikeColor>#113dff</spikeColor>
   </channelColors>
   <channelOffset>
    <channel>26</channel>
    <defaultOffset>0</defaultOffset>
   </channelOffset>
   <channelColors>
    <channel>27</channel>
    <color>#113dff</color>
    <anatomyColor>#113dff</anatomyColor>
    <spikeColor>#113dff</spikeColor>
   </channelColors>
   <channelOffset>
    <channel>27</channel>
    <defaultOffset>0</defaultOffset>
   </channelOffset>
   <channelColors>
    <channel>28</channel>
    <color>#113dff</color>
    <anatomyColor>#113dff</anatomyColor>
    <spikeColor>#113dff</spikeColor>
   </channelColors>
   <channelOffset>
    <channel>28</channel>
    <defaultOffset>0</defaultOffset>
   </channelOffset>
   <channelColors>
    <channel>29</channel>
    <color>#113dff</color>
    <anatomyColor>#113dff</anatomyColor>
    <spikeColor>#113dff</spikeColor>
   </channelColors>
   <channelOffset>
    <channel>29</channel>
    <defaultOffset>0</defaultOffset>
   </channelOffset>
   <channelColors>
    <channel>30</channel>
    <color>#113dff</color>
    <anatomyColor>#113dff</anatomyColor>
    <spikeColor>#113dff</spikeColor>
   </channelColors>
   <channelOffset>
    <channel>30</channel>
    <defaultOffset>0</defaultOffset>
   </channelOffset>
   <channelColors>
    <channel>31</channel>
    <color>#113dff</color>
    <anatomyColor>#113dff</anatomyColor>
    <spikeColor>#113dff</spikeColor>
   </channelColors>
   <channelOffset>
    <channel>31</channel>
    <defaultOffset>0</defaultOffset>
   </channelOffset>
   <channelColors>
    <channel>32</channel>
    <color>#e62aff</color>
    <anatomyColor>#e62aff</anatomyColor>
    <spikeColor>#e62aff</spikeColor>
   </channelColors>
   <channelOffset>
    <channel>32</channel>
    <defaultOffset>0</defaultOffset>
   </channelOffset>
   <channelColors>
    <channel>33</channel>
    <color>#e62aff</color>
    <anatomyColor>#e62aff</anatomyColor>
    <spikeColor>#e62aff</spikeColor>
   </channelColors>
   <channelOffset>
    <channel>33</channel>
    <defaultOffset>0</defaultOffset>
   </channelOffset>
   <channelColors>
    <channel>34</channel>
    <color>#e62aff</color>
    <anatomyColor>#e62aff</anatomyColor>
    <spikeColor>#e62aff</spikeColor>
   </channelColors>
   <channelOffset>
    <channel>34</channel>
    <defaultOffset>0</defaultOffset>
   </channelOffset>
   <channelColors>
    <channel>35</channel>
    <color>#e62aff</color>
    <anatomyColor>#e62aff</anatomyColor>
    <spikeColor>#e62aff</spikeColor>
   </channelColors>
   <channelOffset>
    <channel>35</channel>
    <defaultOffset>0</defaultOffset>
   </channelOffset>
   <channelColors>
    <channel>36</channel>
    <color>#e62aff</color>
    <anatomyColor>#e62aff</anatomyColor>
    <spikeColor>#e62aff</spikeColor>
   </channelColors>
   <channelOffset>
    <channel>36</channel>
    <defaultOffset>0</defaultOffset>
   </channelOffset>
   <channelColors>
    <channel>37</channel>
    <color>#e62aff</color>
    <anatomyColor>#e62aff</anatomyColor>
    <spikeColor>#e62aff</spikeColor>
   </channelColors>
   <channelOffset>
    <channel>37</channel>
    <defaultOffset>0</defaultOffset>
   </channelOffset>
   <channelColors>
    <channel>38</channel>
    <color>#e62aff</color>
    <anatomyColor>#e62aff</anatomyColor>
    <spikeColor>#e62aff</spikeColor>
   </channelColors>
   <channelOffset>
    <channel>38</channel>
    <defaultOffset>0</defaultOffset>
   </channelOffset>
   <channelColors>
    <channel>39</channel>
    <color>#e62aff</color>
    <anatomyColor>#e62aff</anatomyColor>
    <spikeColor>#e62aff</spikeColor>
   </channelColors>
   <channelOffset>
    <channel>39</channel>
    <defaultOffset>0</defaultOffset>
   </channelOffset>
   <channelColors>
    <channel>40</channel>
    <color>#25ffe9</color>
    <anatomyColor>#25ffe9</anatomyColor>
    <spikeColor>#25ffe9</spikeColor>
   </channelColors>
   <channelOffset>
    <channel>40</channel>
    <defaultOffset>0</defaultOffset>
   </channelOffset>
   <channelColors>
    <channel>41</channel>
    <color>#25ffe9</color>
    <anatomyColor>#25ffe9</anatomyColor>
    <spikeColor>#25ffe9</spikeColor>
   </channelColors>
   <channelOffset>
    <channel>41</channel>
    <defaultOffset>0</defaultOffset>
   </channelOffset>
   <channelColors>
    <channel>42</channel>
    <color>#25ffe9</color>
    <anatomyColor>#25ffe9</anatomyColor>
    <spikeColor>#25ffe9</spikeColor>
   </channelColors>
   <channelOffset>
    <channel>42</channel>
    <defaultOffset>0</defaultOffset>
   </channelOffset>
   <channelColors>
    <channel>43</channel>
    <color>#25ffe9</color>
    <anatomyColor>#25ffe9</anatomyColor>
    <spikeColor>#25ffe9</spikeColor>
   </channelColors>
   <channelOffset>
    <channel>43</channel>
    <defaultOffset>0</defaultOffset>
   </channelOffset>
   <channelColors>
    <channel>44</channel>
    <color>#25ffe9</color>
    <anatomyColor>#25ffe9</anatomyColor>
    <spikeColor>#25ffe9</spikeColor>
   </channelColors>
   <channelOffset>
    <channel>44</channel>
    <defaultOffset>0</defaultOffset>
   </channelOffset>
   <channelColors>
    <channel>45</channel>
    <color>#25ffe9</color>
    <anatomyColor>#25ffe9</anatomyColor>
    <spikeColor>#25ffe9</spikeColor>
   </channelColors>
   <channelOffset>
    <channel>45</channel>
    <defaultOffset>0</defaultOffset>
   </channelOffset>
   <channelColors>
    <channel>46</channel>
    <color>#25ffe9</color>
    <anatomyColor>#25ffe9</anatomyColor>
    <spikeColor>#25ffe9</spikeColor>
   </channelColors>
   <channelOffset>
    <channel>46</channel>
    <defaultOffset>0</defaultOffset>
   </channelOffset>
   <channelColors>
    <channel>47</channel>
    <color>#25ffe9</color>
    <anatomyColor>#25ffe9</anatomyColor>
    <spikeColor>#25ffe9</spikeColor>
   </channelColors>
   <channelOffset>
    <channel>47</channel>
    <defaultOffset>0</defaultOffset>
   </channelOffset>
   <channelColors>
    <channel>48</channel>
    <color>#ff1275</color>
    <anatomyColor>#ff1275</anatomyColor>
    <spikeColor>#ff1275</spikeColor>
   </channelColors>
   <channelOffset>
    <channel>48</channel>
    <defaultOffset>0</defaultOffset>
   </channelOffset>
   <channelColors>
    <channel>49</channel>
    <color>#ff1275</color>
    <anatomyColor>#ff1275</anatomyColor>
    <spikeColor>#ff1275</spikeColor>
   </channelColors>
   <channelOffset>
    <channel>49</channel>
    <defaultOffset>0</defaultOffset>
   </channelOffset>
   <channelColors>
    <channel>50</channel>
    <color>#ff1275</color>
    <anatomyColor>#ff1275</anatomyColor>
    <spikeColor>#ff1275</spikeColor>
   </channelColors>
   <channelOffset>
    <channel>50</channel>
    <defaultOffset>0</defaultOffset>
   </channelOffset>
   <channelColors>
    <channel>51</channel>
    <color>#ff1275</color>
    <anatomyColor>#ff1275</anatomyColor>
    <spikeColor>#ff1275</spikeColor>
   </channelColors>
   <channelOffset>
    <channel>51</channel>
    <defaultOffset>0</defaultOffset>
   </channelOffset>
   <channelColors>
    <channel>52</channel>
    <color>#ff1275</color>
    <anatomyColor>#ff1275</anatomyColor>
    <spikeColor>#ff1275</spikeColor>
   </channelColors>
   <channelOffset>
    <channel>52</channel>
    <defaultOffset>0</defaultOffset>
   </channelOffset>
   <channelColors>
    <channel>53</channel>
    <color>#ff1275</color>
    <anatomyColor>#ff1275</anatomyColor>
    <spikeColor>#ff1275</spikeColor>
   </channelColors>
   <channelOffset>
    <channel>53</channel>
    <defaultOffset>0</defaultOffset>
   </channelOffset>
   <channelColors>
    <channel>54</channel>
    <color>#ff1275</color>
    <anatomyColor>#ff1275</anatomyColor>
    <spikeColor>#ff1275</spikeColor>
   </channelColors>
   <channelOffset>
    <channel>54</channel>
    <defaultOffset>0</defaultOffset>
   </channelOffset>
   <channelColors>
    <channel>55</channel>
    <color>#ff1275</color>
    <anatomyColor>#ff1275</anatomyColor>
    <spikeColor>#ff1275</spikeColor>
   </channelColors>
   <channelOffset>
    <channel>55</channel>
    <defaultOffset>0</defaultOffset>
   </channelOffset>
   <channelColors>
    <channel>56</channel>
    <color>#694491</color>
    <anatomyColor>#694491</anatomyColor>
    <spikeColor>#694491</spikeColor>
   </channelColors>
   <channelOffset>
    <channel>56</channel>
    <defaultOffset>0</defaultOffset>
   </channelOffset>
   <channelColors>
    <channel>57</channel>
    <color>#694491</color>
    <anatomyColor>#694491</anatomyColor>
    <spikeColor>#694491</spikeColor>
   </channelColors>
   <channelOffset>
    <channel>57</channel>
    <defaultOffset>0</defaultOffset>
   </channelOffset>
   <channelColors>
    <channel>58</channel>
    <color>#694491</color>
    <anatomyColor>#694491</anatomyColor>
    <spikeColor>#694491</spikeColor>
   </channelColors>
   <channelOffset>
    <channel>58</channel>
    <defaultOffset>0</defaultOffset>
   </channelOffset>
   <channelColors>
    <channel>59</channel>
    <color>#694491</color>
    <anatomyColor>#694491</anatomyColor>
    <spikeColor>#694491</spikeColor>
   </channelColors>
   <channelOffset>
    <channel>59</channel>
    <defaultOffset>0</defaultOffset>
   </channelOffset>
   <channelColors>
    <channel>60</channel>
    <color>#694491</color>
    <anatomyColor>#694491</anatomyColor>
    <spikeColor>#694491</spikeColor>
   </channelColors>
   <channelOffset>
    <channel>60</channel>
    <defaultOffset>0</defaultOffset>
   </channelOffset>
   <channelColors>
    <channel>61</channel>
    <color>#694491</color>
    <anatomyColor>#694491</anatomyColor>
    <spikeColor>#694491</spikeColor>
   </channelColors>
   <channelOffset>
    <channel>61</channel>
    <defaultOffset>0</defaultOffset>
   </channelOffset>
   <channelColors>
    <channel>62</channel>
    <color>#694491</color>
    <anatomyColor>#694491</anatomyColor>
    <spikeColor>#694491</spikeColor>
   </channelColors>
   <channelOffset>
    <channel>62</channel>
    <defaultOffset>0</defaultOffset>
   </channelOffset>
   <channelColors>
    <channel>63</channel>
    <color>#694491</color>
    <anatomyColor>#694491</anatomyColor>
    <spikeColor>#694491</spikeColor>
   </channelColors>
   <channelOffset>
    <channel>63</channel>
    <defaultOffset>0</defaultOffset>
   </channelOffset>
  </channels>
 </neuroscope>
 <programs>
  <program>
   <name>ndm_extractspikes</name>
   <parameters>
    <parameter>
     <name>thresholdFactor</name>
     <value>1.5</value>
     <status>Mandatory</status>
    </parameter>
    <parameter>
     <name>refractoryPeriod</name>
     <value>16</value>
     <status>Mandatory</status>
    </parameter>
    <parameter>
     <name>peakSearchLength</name>
     <value>32</value>
     <status>Mandatory</status>
    </parameter>
    <parameter>
     <name>start</name>
     <value>0</value>
     <status>Mandatory</status>
    </parameter>
    <parameter>
     <name>duration</name>
     <value>60</value>
     <status>Mandatory</status>
    </parameter>
   </parameters>
   <help>Extract spikes from high-pass filtered .fil file (this creates .res and .spk files).

First, the program automatically computes a baseline 'noise' level, using a subset of the data. Then, spikes are extracted whenever the signal crosses a threshold proportional to the baseline 'noise' level. To avoid spurious detections, the signal must have a local maximum (or minimum, depending on the sign of the signal) within a fixed search window starting at threshold crossing. Also, the duration between consecutive spikes must be greater than a fixed 'refractory' period.

PARAMETERS

# thresholdFactor

Threshold = thresholdFactor * baseline 'noise' level

# refractoryPeriod

Number of samples to skip after a spike, before trying to detect a new spike

# peakSearchLength

Length of the peak search window (in number of samples)

# start

Starting point in the file (in s) for computation of baseline 'noise' level

# duration

Duration (in s) for computation of baseline 'noise' level
</help>
  </program>
  <program>
   <name>ndm_hipass</name>
   <parameters>
    <parameter>
     <name>windowHalfLength</name>
     <value>10</value>
     <status>Mandatory</status>
    </parameter>
   </parameters>
   <help>High-pass filter a .dat file (required for spike extraction).

The program uses a median-based (non-linear) filter to minimize spike waveform distortion.

PARAMETERS

# windowHalfWidth

Determines the cutoff frequency
</help>
  </program>
  <program>
   <name>ndm_pca</name>
   <parameters/>
   <help>Compute principal component analysis (PCA).

PARAMETERS

All parameters are defined in the 'Acquisition System' and 'Spike Groups' tab.
</help>
  </program>
  <program>
   <name>ndm_start</name>
   <parameters>
    <parameter>
     <name>suffixes</name>
     <value/>
     <status>Mandatory</status>
    </parameter>
   </parameters>
   <help>Perform all processing steps for a multiple sets of multiple-session recordings: format conversion, channel extraction and reordering, video transcoding and tracking, data concatenation, spike detection and extraction, etc.

PARAMETERS

# suffixes

List of suffixes for the individual files to convert

OPTIONAL PARAMETERS

Note: To keep the interface simpler, optional parameters have default values and are not listed in the 'Parameters' tab; to choose custom values, click the 'Add' button and manually add the required parameters (and custom values) to the list.

# wideband

Process the wideband data files recorded by the acquisition system: convert to .dat format, resample, merge, extract and reorder channels (default = true)

# video

Process video files recorded by the acquisition system: transcode and extract LEDs (default = true)

# events

Process event files recorded by the acquisition system: convert to .evt format and rename events (default = true)

# spikes

Process spikes: detect and extract spike waveforms, perform PCA (default = true)

# lfp

Downsample wideband signals to produce LFP files (default = true)

# clean

Remove intermediate files after pre-processing is complete (default = false)</help>
  </program>
 </programs>
</parameters>
